target_contact,receiver_contact,source_contact,value,unit
1,1,1,1.0438051394868084,dimensionless
1,1,2,0.003412798147714745,dimensionless
1,1,3,0.0019552502422035367,dimensionless
1,1,4,0.0015945912592156383,dimensionless
1,1,5,0.001771046617804183,dimensionless
1,1,6,-0.003433747207466958,dimensionless
1,1,7,-0.0037521586885651773,dimensionless
1,1,8,-0.004383741196164886,dimensionless
1,1,9,-0.0023938208915336074,dimensionless
1,2,1,0.02254890785949065,dimensionless
1,2,2,0.5662278697440806,dimensionless
1,2,3,-0.1095882230235525,dimensionless
1,2,4,0.0728776484256211,dimensionless
1,2,5,-0.5112131870042055,dimensionless
1,2,6,-0.31064336801216563,dimensionless
1,2,7,-0.06100083757254596,dimensionless
1,2,8,-0.198538506253627,dimensionless
1,2,9,-0.013867443691527908,dimensionless
1,3,1,0.007250792903626283,dimensionless
1,3,2,-0.15460475246901675,dimensionless
1,3,3,0.9811447635504899,dimensionless
1,3,4,0.07736003553459124,dimensionless
1,3,5,-0.18167960640878014,dimensionless
1,3,6,-0.1272901142853199,dimensionless
1,3,7,-0.025755393080212644,dimensionless
1,3,8,-0.0866610479923395,dimensionless
1,3,9,-0.0018210919251499865,dimensionless
1,4,1,0.04441950296263852,dimensionless
1,4,2,-0.385456529282975,dimensionless
1,4,3,-0.08943664302164132,dimensionless
1,4,4,0.8576771095935326,dimensionless
1,4,5,-0.4347852224478114,dimensionless
1,4,6,-0.19317425117756068,dimensionless
1,4,7,-0.038447036518667134,dimensionless
1,4,8,-0.12963582619652697,dimensionless
1,4,9,-0.04087742353950688,dimensionless
1,5,1,-0.02307302440775626,dimensionless
1,5,2,-0.392536072836765,dimensionless
1,5,3,-0.10623814661956606,dimensionless
1,5,4,0.1232967070149401,dimensionless
1,5,5,0.48006887468488224,dimensionless
1,5,6,-0.32973475264471597,dimensionless
1,5,7,-0.06322579847372188,dimensionless
1,5,8,-0.20465342847477164,dimensionless
1,5,9,0.020841948063897733,dimensionless
1,6,1,-0.010791181386527992,dimensionless
1,6,2,-0.09700558315408507,dimensionless
1,6,3,-0.008058353223445638,dimensionless
1,6,4,0.013778498757304568,dimensionless
1,6,5,-0.08302947233241378,dimensionless
1,6,6,0.9631897399794682,dimensionless
1,6,7,-0.00833691016929342,dimensionless
1,6,8,-0.026747141869103742,dimensionless
1,6,9,0.006936807576906313,dimensionless
1,7,1,0.013836912203004202,dimensionless
1,7,2,0.16447807653574478,dimensionless
1,7,3,0.04032263772699749,dimensionless
1,7,4,-0.08428024948025488,dimensionless
1,7,5,0.1771231428625255,dimensionless
1,7,6,0.12852248248675152,dimensionless
1,7,7,1.0513221816874945,dimensionless
1,7,8,0.07727839680806164,dimensionless
1,7,9,-0.019501208180252624,dimensionless
1,8,1,0.0015811246343458052,dimensionless
1,8,2,-0.11795977936974872,dimensionless
1,8,3,-0.009617190498780528,dimensionless
1,8,4,-0.02905820460278481,dimensionless
1,8,5,-0.05948567919467383,dimensionless
1,8,6,-0.03486974014945218,dimensionless
1,8,7,-0.003319277143354263,dimensionless
1,8,8,1.0191419392133825,dimensionless
1,8,9,-0.006140924194464292,dimensionless
1,9,1,0.014626931098352,dimensionless
1,9,2,0.008776442454034649,dimensionless
1,9,3,-0.0017794601957996157,dimensionless
1,9,4,-0.01309106158971238,dimensionless
1,9,5,-0.010160881034335033,dimensionless
1,9,6,-0.01461499100269277,dimensionless
1,9,7,0.002081636356177152,dimensionless
1,9,8,0.009665287003621008,dimensionless
1,9,9,1.0268272423962452,dimensionless
2,1,1,1.0696998507820386,dimensionless
2,1,2,0.012651368501749,dimensionless
2,1,3,0.0128961237028734,dimensionless
2,1,4,0.015856620679656167,dimensionless
2,1,5,0.00716403430002837,dimensionless
2,1,6,-0.057818109572908366,dimensionless
2,1,7,-0.23207795015690874,dimensionless
2,1,8,-0.01295531606066723,dimensionless
2,1,9,-0.010611092885472524,dimensionless
2,2,1,0.0051028290378411206,dimensionless
2,2,2,1.0424555678427427,dimensionless
2,2,3,-0.0034738168228600425,dimensionless
2,2,4,0.0011725643936914478,dimensionless
2,2,5,-0.0019366752000209806,dimensionless
2,2,6,-0.004594627834133613,dimensionless
2,2,7,-0.007587231854111874,dimensionless
2,2,8,-0.0046289906608259854,dimensionless
2,2,9,-0.004148086354323798,dimensionless
2,3,1,-0.08586451338342843,dimensionless
2,3,2,0.031825467197339474,dimensionless
2,3,3,0.6623206178979308,dimensionless
2,3,4,-0.035535363462278015,dimensionless
2,3,5,-0.02231198515580347,dimensionless
2,3,6,-0.30923078527657355,dimensionless
2,3,7,-0.39768188203477417,dimensionless
2,3,8,-0.023014670320350334,dimensionless
2,3,9,-0.03158382794607525,dimensionless
2,4,1,-0.015445214741354855,dimensionless
2,4,2,0.014730874707627347,dimensionless
2,4,3,0.010274555527364799,dimensionless
2,4,4,1.0177693782798314,dimensionless
2,4,5,0.0018287354375444822,dimensionless
2,4,6,-0.007319893764659587,dimensionless
2,4,7,-0.15872579987675775,dimensionless
2,4,8,-0.003959414234250479,dimensionless
2,4,9,-0.013197758674420336,dimensionless
2,5,1,0.01736761370747731,dimensionless
2,5,2,0.01225376100752484,dimensionless
2,5,3,0.009361616631783871,dimensionless
2,5,4,0.0034984902742202866,dimensionless
2,5,5,1.0224713976113222,dimensionless
2,5,6,0.0010438070715181537,dimensionless
2,5,7,0.03955905834626678,dimensionless
2,5,8,0.006523136297762442,dimensionless
2,5,9,-0.016530785289035652,dimensionless
2,6,1,0.011962765962240652,dimensionless
2,6,2,0.013367872035789935,dimensionless
2,6,3,-0.1855535130361023,dimensionless
2,6,4,0.012577499786480886,dimensionless
2,6,5,-0.031751404462340274,dimensionless
2,6,6,0.6181886797070832,dimensionless
2,6,7,-0.36815327556428484,dimensionless
2,6,8,-0.021190878623996354,dimensionless
2,6,9,-0.018175554943022507,dimensionless
2,7,1,0.011946771674216719,dimensionless
2,7,2,0.006926492248441547,dimensionless
2,7,3,-0.059300002589023265,dimensionless
2,7,4,0.0028374071864798976,dimensionless
2,7,5,-0.007126305191291107,dimensionless
2,7,6,-0.07581524931213386,dimensionless
2,7,7,0.9440068769386105,dimensionless
2,7,8,-0.005112028937286939,dimensionless
2,7,9,-0.012052392691030847,dimensionless
2,8,1,0.01766022390329611,dimensionless
2,8,2,-0.013887251442987646,dimensionless
2,8,3,0.026069757586814606,dimensionless
2,8,4,0.0071927904302205616,dimensionless
2,8,5,0.00795776168903374,dimensionless
2,8,6,0.0495533344318632,dimensionless
2,8,7,0.14357412687722887,dimensionless
2,8,8,1.0343505652930856,dimensionless
2,8,9,0.008655942065599947,dimensionless
2,9,1,0.0072663457121471845,dimensionless
2,9,2,0.028809658138878137,dimensionless
2,9,3,-0.014767501455118189,dimensionless
2,9,4,-0.00967394304990958,dimensionless
2,9,5,-0.0035939337491268037,dimensionless
2,9,6,-0.024924280526139195,dimensionless
2,9,7,-0.005637243030187545,dimensionless
2,9,8,0.011191873705222033,dimensionless
2,9,9,1.0173611459479275,dimensionless
3,1,1,1.0018134923845265,dimensionless
3,1,2,0.07658969649691895,dimensionless
3,1,3,-0.010711113606828606,dimensionless
3,1,4,0.07643772713586199,dimensionless
3,1,5,-0.0018145081355422235,dimensionless
3,1,6,-0.016007785451465598,dimensionless
3,1,7,-0.13498088813454623,dimensionless
3,1,8,-0.06072729615026593,dimensionless
3,1,9,0.012320628697606978,dimensionless
3,2,1,-0.04698248153761797,dimensionless
3,2,2,0.9601428994038401,dimensionless
3,2,3,-0.02515476358627504,dimensionless
3,2,4,-0.027646305859678172,dimensionless
3,2,5,-0.011191861787223107,dimensionless
3,2,6,-0.07031228744894752,dimensionless
3,2,7,-0.3219108826407107,dimensionless
3,2,8,-0.09216936259243814,dimensionless
3,2,9,0.02411502561490015,dimensionless
3,3,1,0.0015045762124675246,dimensionless
3,3,2,-6.173939356622848e-5,dimensionless
3,3,3,1.0251573903696825,dimensionless
3,3,4,0.0013771381319459238,dimensionless
3,3,5,-0.0030493495554346902,dimensionless
3,3,6,-0.0034681329127756004,dimensionless
3,3,7,-0.0017885096038912289,dimensionless
3,3,8,-0.005704773492665159,dimensionless
3,3,9,0.005709236688564326,dimensionless
3,4,1,-0.030134965272565102,dimensionless
3,4,2,0.030844628798971208,dimensionless
3,4,3,-0.05573510264277844,dimensionless
3,4,4,1.0623450238490975,dimensionless
3,4,5,-0.007431408680851222,dimensionless
3,4,6,-0.030587571194030244,dimensionless
3,4,7,-0.17098285737502214,dimensionless
3,4,8,-0.05375840607259347,dimensionless
3,4,9,0.06021760193067447,dimensionless
3,5,1,0.015754554329486838,dimensionless
3,5,2,-0.006900720678535697,dimensionless
3,5,3,0.009568752331210066,dimensionless
3,5,4,-0.0027627342741799515,dimensionless
3,5,5,1.0262342226437298,dimensionless
3,5,6,0.015829158505508402,dimensionless
3,5,7,0.05746332763359506,dimensionless
3,5,8,0.02569389196126348,dimensionless
3,5,9,-0.01295552898730184,dimensionless
3,6,1,-0.007760362955777621,dimensionless
3,6,2,-0.007260759982368261,dimensionless
3,6,3,0.015706641524871723,dimensionless
3,6,4,0.007823457619473229,dimensionless
3,6,5,-0.0026846880607940505,dimensionless
3,6,6,0.9981199325256979,dimensionless
3,6,7,-0.06685745907485716,dimensionless
3,6,8,-0.020457915153325252,dimensionless
3,6,9,-0.01912047236722915,dimensionless
3,7,1,-0.03584325802856102,dimensionless
3,7,2,-0.11171427967609623,dimensionless
3,7,3,0.05284431508295996,dimensionless
3,7,4,-0.07122050084097614,dimensionless
3,7,5,-0.011127573807485431,dimensionless
3,7,6,-0.06250655160720736,dimensionless
3,7,7,0.7863389255210523,dimensionless
3,7,8,-0.058758631544298105,dimensionless
3,7,9,-0.05803837110316421,dimensionless
3,8,1,0.015805658423391152,dimensionless
3,8,2,0.0013572997426807127,dimensionless
3,8,3,0.03092110208275546,dimensionless
3,8,4,0.005000144987333968,dimensionless
3,8,5,0.006427122058819926,dimensionless
3,8,6,0.004983223577657299,dimensionless
3,8,7,0.06214560380452653,dimensionless
3,8,8,1.048816633979068,dimensionless
3,8,9,-0.03662204462942082,dimensionless
3,9,1,0.010863950446837875,dimensionless
3,9,2,0.010402777892941481,dimensionless
3,9,3,0.008238285975412369,dimensionless
3,9,4,-0.011915895623436791,dimensionless
3,9,5,-0.0019734101103162094,dimensionless
3,9,6,-0.014133871098062474,dimensionless
3,9,7,-0.005095602586078598,dimensionless
3,9,8,0.010097796987004175,dimensionless
3,9,9,1.020895476379565,dimensionless
4,1,1,0.8923841014446023,dimensionless
4,1,2,-0.11637911873078664,dimensionless
4,1,3,0.11112533481442617,dimensionless
4,1,4,-0.019471869371721184,dimensionless
4,1,5,-0.02717032152109466,dimensionless
4,1,6,-0.013171350075823443,dimensionless
4,1,7,-0.2570297187604863,dimensionless
4,1,8,-0.13291679156711705,dimensionless
4,1,9,0.018686330970955015,dimensionless
4,2,1,-0.08960516585258892,dimensionless
4,2,2,0.958033464290279,dimensionless
4,2,3,0.13412088781280032,dimensionless
4,2,4,-0.0052708997456356495,dimensionless
4,2,5,-0.02337253471957893,dimensionless
4,2,6,-0.0098876625917705,dimensionless
4,2,7,-0.17386417791641195,dimensionless
4,2,8,-0.06782262973717064,dimensionless
4,2,9,0.008067657831315234,dimensionless
4,3,1,-0.036344415265137035,dimensionless
4,3,2,-0.012262707043755258,dimensionless
4,3,3,0.6530303659749783,dimensionless
4,3,4,0.07457741405154876,dimensionless
4,3,5,-0.015405959907572753,dimensionless
4,3,6,-0.008147472012500287,dimensionless
4,3,7,-0.07852844201075494,dimensionless
4,3,8,-0.1908561924429399,dimensionless
4,3,9,-0.06984083360379625,dimensionless
4,4,1,0.0021739680734894993,dimensionless
4,4,2,0.0012988821573509798,dimensionless
4,4,3,0.002817221869140892,dimensionless
4,4,4,1.023036230584905,dimensionless
4,4,5,-0.0019944469168566635,dimensionless
4,4,6,-0.003946292616795472,dimensionless
4,4,7,-0.0048243041937026205,dimensionless
4,4,8,0.001428882304192585,dimensionless
4,4,9,0.0017152657703070678,dimensionless
4,5,1,0.04686724865923278,dimensionless
4,5,2,0.031180804088249588,dimensionless
4,5,3,-0.026696498084018947,dimensionless
4,5,4,0.01264621467486947,dimensionless
4,5,5,1.0339323819014046,dimensionless
4,5,6,0.004980922572501388,dimensionless
4,5,7,0.07004021938469406,dimensionless
4,5,8,0.05928799933101385,dimensionless
4,5,9,-0.016749255769437688,dimensionless
4,6,1,0.05382792893665095,dimensionless
4,6,2,0.04204015059581659,dimensionless
4,6,3,-2.905012270726045e-5,dimensionless
4,6,4,0.020070567401571218,dimensionless
4,6,5,0.01309251745112442,dimensionless
4,6,6,1.021148462699725,dimensionless
4,6,7,0.10558134863084853,dimensionless
4,6,8,0.08847088058770416,dimensionless
4,6,9,-0.023968886341681803,dimensionless
4,7,1,0.010146058657353482,dimensionless
4,7,2,0.013616157376844329,dimensionless
4,7,3,-0.06804294515954613,dimensionless
4,7,4,0.072645274008879,dimensionless
4,7,5,-0.002824047771881227,dimensionless
4,7,6,0.00033569683474096696,dimensionless
4,7,7,1.0399736644748583,dimensionless
4,7,8,-0.018703614886780153,dimensionless
4,7,9,-0.078023864710229,dimensionless
4,8,1,-0.06363120918231295,dimensionless
4,8,2,-0.0489093289474909,dimensionless
4,8,3,-0.18432408585684654,dimensionless
4,8,4,0.04768110673488823,dimensionless
4,8,5,-0.017201583890372112,dimensionless
4,8,6,-0.013223270551761887,dimensionless
4,8,7,-0.17118784886370728,dimensionless
4,8,8,0.7971473674715902,dimensionless
4,8,9,-0.05269042943022595,dimensionless
4,9,1,0.011677755357106087,dimensionless
4,9,2,0.016402651495560448,dimensionless
4,9,3,-0.002036488795211895,dimensionless
4,9,4,-0.0025120013112469213,dimensionless
4,9,5,-0.0018194684759944865,dimensionless
4,9,6,-0.01172240674713185,dimensionless
4,9,7,0.002210948983959439,dimensionless
4,9,8,0.010671927210062982,dimensionless
4,9,9,1.0242835033748303,dimensionless
5,1,1,0.9475110364645143,dimensionless
5,1,2,-0.21882342417048642,dimensionless
5,1,3,-0.04474595985997265,dimensionless
5,1,4,-0.08753896075689034,dimensionless
5,1,5,-0.005848135784901076,dimensionless
5,1,6,-0.331853435753472,dimensionless
5,1,7,-0.1865823736508489,dimensionless
5,1,8,-0.1806002836734762,dimensionless
5,1,9,0.006917053872420282,dimensionless
5,2,1,-0.021416411398505975,dimensionless
5,2,2,0.9277774168263233,dimensionless
5,2,3,-0.02399305723177878,dimensionless
5,2,4,-0.03581774350325545,dimensionless
5,2,5,-0.010925641690231726,dimensionless
5,2,6,-0.12757858205359568,dimensionless
5,2,7,-0.09411648612278664,dimensionless
5,2,8,-0.039667670483854306,dimensionless
5,2,9,0.010381947743475456,dimensionless
5,3,1,-0.013675428744169335,dimensionless
5,3,2,-0.1322556463402,dimensionless
5,3,3,0.9962518960310537,dimensionless
5,3,4,-0.04498993495836981,dimensionless
5,3,5,-0.02078532431160408,dimensionless
5,3,6,-0.06550386998258119,dimensionless
5,3,7,-0.10893825251473645,dimensionless
5,3,8,-0.023936961964891555,dimensionless
5,3,9,0.021095313373529725,dimensionless
5,4,1,-0.020611910595677317,dimensionless
5,4,2,-0.05115074509262416,dimensionless
5,4,3,-0.008281609290480461,dimensionless
5,4,4,1.004045971501001,dimensionless
5,4,5,-0.003418884469249111,dimensionless
5,4,6,-0.10713423057182962,dimensionless
5,4,7,-0.05010313802208226,dimensionless
5,4,8,-0.025620339832840767,dimensionless
5,4,9,0.0024322698153105993,dimensionless
5,5,1,0.0025153020151161875,dimensionless
5,5,2,-0.001559479189213732,dimensionless
5,5,3,-0.0011305814861837995,dimensionless
5,5,4,-0.002115067811589443,dimensionless
5,5,5,1.0221217019292,dimensionless
5,5,6,0.0013228972118870654,dimensionless
5,5,7,-0.0036840800149378758,dimensionless
5,5,8,0.005341412115537284,dimensionless
5,5,9,-0.0012079490684186686,dimensionless
5,6,1,-0.0721209996016196,dimensionless
5,6,2,-0.06520509101569671,dimensionless
5,6,3,-0.013279619404840272,dimensionless
5,6,4,-0.038010197870952805,dimensionless
5,6,5,0.03937592494557348,dimensionless
5,6,6,0.7856526814999953,dimensionless
5,6,7,-0.05465034949902573,dimensionless
5,6,8,-0.15487829633890035,dimensionless
5,6,9,-0.04299245871466354,dimensionless
5,7,1,0.04624925904227229,dimensionless
5,7,2,0.11145042001495972,dimensionless
5,7,3,0.02439404340101784,dimensionless
5,7,4,0.04487435668008534,dimensionless
5,7,5,0.012421030500652464,dimensionless
5,7,6,0.18144130996103455,dimensionless
5,7,7,1.1177466911699996,dimensionless
5,7,8,0.0950723027713524,dimensionless
5,7,9,-0.019780094057101214,dimensionless
5,8,1,-0.11202997109488862,dimensionless
5,8,2,-0.2827091435384602,dimensionless
5,8,3,-0.06318991913554915,dimensionless
5,8,4,-0.10738137493603933,dimensionless
5,8,5,0.006655639239535453,dimensionless
5,8,6,-0.2718957828213201,dimensionless
5,8,7,-0.23107082955987868,dimensionless
5,8,8,0.817188025799918,dimensionless
5,8,9,-0.006522516504279925,dimensionless
5,9,1,0.011663727575278818,dimensionless
5,9,2,0.01609038249698272,dimensionless
5,9,3,-0.0001426654027900681,dimensionless
5,9,4,-0.007675463528759699,dimensionless
5,9,5,0.003631179051087001,dimensionless
5,9,6,-0.012583593455870989,dimensionless
5,9,7,0.0022903964183134374,dimensionless
5,9,8,0.011317943660671475,dimensionless
5,9,9,1.023565709253717,dimensionless
6,1,1,1.0654163515187745,dimensionless
6,1,2,-0.0007263420494654357,dimensionless
6,1,3,0.015615693588144186,dimensionless
6,1,4,0.005221508946321807,dimensionless
6,1,5,0.050795372955706325,dimensionless
6,1,6,-0.010999327297568697,dimensionless
6,1,7,-0.0002258160380259693,dimensionless
6,1,8,0.0069071023617134466,dimensionless
6,1,9,0.008135609450377472,dimensionless
6,2,1,-0.1050728296175398,dimensionless
6,2,2,1.0168113273254358,dimensionless
6,2,3,-0.07731647523523082,dimensionless
6,2,4,-0.01943274665616887,dimensionless
6,2,5,-0.19508260501667624,dimensionless
6,2,6,0.0026105420521802115,dimensionless
6,2,7,-0.166788881475882,dimensionless
6,2,8,-0.08368625225326187,dimensionless
6,2,9,-0.0035081758197971743,dimensionless
6,3,1,-0.0987911912851687,dimensionless
6,3,2,0.017099594250732975,dimensionless
6,3,3,0.9626575877939472,dimensionless
6,3,4,-0.01682377220514828,dimensionless
6,3,5,-0.1365949304013347,dimensionless
6,3,6,-0.02108769333112124,dimensionless
6,3,7,-0.06590527365567962,dimensionless
6,3,8,-0.07260873423482272,dimensionless
6,3,9,0.02123775973955628,dimensionless
6,4,1,-0.04796472108458686,dimensionless
6,4,2,0.03897388278388852,dimensionless
6,4,3,-0.025833295763288484,dimensionless
6,4,4,1.0104177917762323,dimensionless
6,4,5,-0.048570793694888904,dimensionless
6,4,6,-0.03617441367186829,dimensionless
6,4,7,0.007617680954919203,dimensionless
6,4,8,-0.03683896868706371,dimensionless
6,4,9,0.034851393583376446,dimensionless
6,5,1,-0.04205032830426432,dimensionless
6,5,2,-0.03800060866030362,dimensionless
6,5,3,-0.035822106766313665,dimensionless
6,5,4,-0.010267640973461441,dimensionless
6,5,5,0.8944737223222042,dimensionless
6,5,6,0.0218558884653154,dimensionless
6,5,7,-0.1272636628652904,dimensionless
6,5,8,-0.024288318805897127,dimensionless
6,5,9,-0.025696869113132535,dimensionless
6,6,1,-0.0007678295894602834,dimensionless
6,6,2,0.00013661394065856883,dimensionless
6,6,3,-0.0004096498909619145,dimensionless
6,6,4,-0.0028364345458870067,dimensionless
6,6,5,-0.000616374803379107,dimensionless
6,6,6,1.017573316888657,dimensionless
6,6,7,-0.0007012562009711338,dimensionless
6,6,8,-0.0038404635202389046,dimensionless
6,6,9,-0.0032908624362418494,dimensionless
6,7,1,0.0044197622315860835,dimensionless
6,7,2,-0.06380586845940753,dimensionless
6,7,3,-0.005235225248065235,dimensionless
6,7,4,0.0003819916941233849,dimensionless
6,7,5,-0.09754366717990348,dimensionless
6,7,6,0.0661315142567823,dimensionless
6,7,7,0.8889384325945984,dimensionless
6,7,8,0.0015254385793597558,dimensionless
6,7,9,-0.07166214959010613,dimensionless
6,8,1,0.09841820324518867,dimensionless
6,8,2,0.015240628635018776,dimensionless
6,8,3,0.06254241018967008,dimensionless
6,8,4,0.01756845718674966,dimensionless
6,8,5,0.1928964308060715,dimensionless
6,8,6,-0.005038746769142158,dimensionless
6,8,7,0.13366112670518968,dimensionless
6,8,8,1.0904658345397924,dimensionless
6,8,9,-0.0015599391668659124,dimensionless
6,9,1,0.011704249952164144,dimensionless
6,9,2,0.016099950271438394,dimensionless
6,9,3,-0.00030973359620828974,dimensionless
6,9,4,-0.007565054784431192,dimensionless
6,9,5,-0.0018731536999674321,dimensionless
6,9,6,-0.006626370135030331,dimensionless
6,9,7,0.0018583900252761526,dimensionless
6,9,8,0.01155932077904157,dimensionless
6,9,9,1.023798741724151,dimensionless
7,1,1,1.054037783326081,dimensionless
7,1,2,0.06172895058603894,dimensionless
7,1,3,-0.04027713542347707,dimensionless
7,1,4,0.0068093798231881495,dimensionless
7,1,5,0.03156767753418016,dimensionless
7,1,6,-0.03450576809531569,dimensionless
7,1,7,0.03017816102071865,dimensionless
7,1,8,0.04295695522648012,dimensionless
7,1,9,-0.03351456753752482,dimensionless
7,2,1,-0.016968865898793876,dimensionless
7,2,2,0.9367620959452364,dimensionless
7,2,3,0.0955305272780742,dimensionless
7,2,4,0.0025778912002087546,dimensionless
7,2,5,-0.05014846654165605,dimensionless
7,2,6,0.03847061244233298,dimensionless
7,2,7,0.0151743375117778,dimensionless
7,2,8,-0.08328054796673416,dimensionless
7,2,9,-0.017708459706136805,dimensionless
7,3,1,-0.0397131331992818,dimensionless
7,3,2,-0.1877701611662214,dimensionless
7,3,3,1.2181307382732796,dimensionless
7,3,4,-0.002984482341537471,dimensionless
7,3,5,-0.09582804932197665,dimensionless
7,3,6,0.21236798282120375,dimensionless
7,3,7,0.019626988498849217,dimensionless
7,3,8,-0.09443429495102826,dimensionless
7,3,9,-0.01914949472119827,dimensionless
7,4,1,-0.004827735385163977,dimensionless
7,4,2,-0.02576413642024588,dimensionless
7,4,3,0.053543200591213286,dimensionless
7,4,4,1.0268424055603054,dimensionless
7,4,5,-0.014267363483312744,dimensionless
7,4,6,0.05342709713164684,dimensionless
7,4,7,0.01827179218674648,dimensionless
7,4,8,0.013331234849603146,dimensionless
7,4,9,-0.021391298296301858,dimensionless
7,5,1,0.012194822295160909,dimensionless
7,5,2,0.04457486049509544,dimensionless
7,5,3,-0.02396939197144969,dimensionless
7,5,4,0.004179000779531147,dimensionless
7,5,5,1.0482948894599577,dimensionless
7,5,6,0.0007843846246125627,dimensionless
7,5,7,0.05879753569706476,dimensionless
7,5,8,0.05758660409927584,dimensionless
7,5,9,-0.06486455852788225,dimensionless
7,6,1,-0.016254268894600115,dimensionless
7,6,2,-0.07361736325691023,dimensionless
7,6,3,0.020850218841989416,dimensionless
7,6,4,-0.014764686460208988,dimensionless
7,6,5,-0.03866534812688088,dimensionless
7,6,6,0.9704920878928719,dimensionless
7,6,7,0.041177800683678774,dimensionless
7,6,8,-0.1186933146740155,dimensionless
7,6,9,-0.04416639898489565,dimensionless
7,7,1,-0.0020419718580128336,dimensionless
7,7,2,0.0017392853258114166,dimensionless
7,7,3,0.0004451189467979584,dimensionless
7,7,4,-0.0006045076812518412,dimensionless
7,7,5,-0.0033068525725340834,dimensionless
7,7,6,-0.000974284030193396,dimensionless
7,7,7,1.0276267822518086,dimensionless
7,7,8,-0.001966388765756669,dimensionless
7,7,9,-0.0023585298471556684,dimensionless
7,8,1,-0.0076194069311261315,dimensionless
7,8,2,-0.04312217533759412,dimensionless
7,8,3,-0.010819291525999338,dimensionless
7,8,4,-0.010717806482418862,dimensionless
7,8,5,-0.017026435427107703,dimensionless
7,8,6,-0.06468671307241484,dimensionless
7,8,7,0.047126464156108605,dimensionless
7,8,8,0.9338460987098645,dimensionless
7,8,9,-0.050119086732543235,dimensionless
7,9,1,0.012107353548944275,dimensionless
7,9,2,0.01702852067039749,dimensionless
7,9,3,0.0007846088069419356,dimensionless
7,9,4,-0.0071816582180315395,dimensionless
7,9,5,-0.001316709499366983,dimensionless
7,9,6,-0.00889308106406034,dimensionless
7,9,7,0.020893627588187375,dimensionless
7,9,8,0.013891622651471005,dimensionless
7,9,9,1.01141734290659,dimensionless
8,1,1,1.055460763134044,dimensionless
8,1,2,0.006263142629055212,dimensionless
8,1,3,0.010378441877268309,dimensionless
8,1,4,0.014635607748572213,dimensionless
8,1,5,0.03335994169720898,dimensionless
8,1,6,0.00312421063341063,dimensionless
8,1,7,0.013601184853194174,dimensionless
8,1,8,0.0373964099157307,dimensionless
8,1,9,-0.04122155623343363,dimensionless
8,2,1,-0.06959233274884184,dimensionless
8,2,2,1.0185041628467049,dimensionless
8,2,3,-0.020721273959646964,dimensionless
8,2,4,0.12162013889011188,dimensionless
8,2,5,-0.07181755250244415,dimensionless
8,2,6,-0.03369993345250348,dimensionless
8,2,7,0.13560725232563806,dimensionless
8,2,8,0.02092880827149145,dimensionless
8,2,9,-0.022899564772627383,dimensionless
8,3,1,-0.09306535418210961,dimensionless
8,3,2,-0.021664090201599845,dimensionless
8,3,3,0.9961995645145342,dimensionless
8,3,4,0.12848265169978854,dimensionless
8,3,5,-0.10968184707806145,dimensionless
8,3,6,-0.04452238814535183,dimensionless
8,3,7,0.12605949265758976,dimensionless
8,3,8,0.01871218830899837,dimensionless
8,3,9,-0.01986086514223564,dimensionless
8,4,1,-0.29179373004425435,dimensionless
8,4,2,-0.06210215664775231,dimensionless
8,4,3,-0.1004192152422777,dimensionless
8,4,4,1.3069448781527202,dimensionless
8,4,5,-0.41527461133923255,dimensionless
8,4,6,-0.13191979794390002,dimensionless
8,4,7,0.27271723810473003,dimensionless
8,4,8,0.03226609171502361,dimensionless
8,4,9,-0.030591851664590223,dimensionless
8,5,1,-0.22949903613019224,dimensionless
8,5,2,-0.05224789411588802,dimensionless
8,5,3,-0.08053724869953102,dimensionless
8,5,4,0.23412685948759224,dimensionless
8,5,5,0.6696085410118098,dimensionless
8,5,6,-0.1002539363338712,dimensionless
8,5,7,0.2176798679710298,dimensionless
8,5,8,0.03354760902732044,dimensionless
8,5,9,-0.032617141760562664,dimensionless
8,6,1,0.0392557766179349,dimensionless
8,6,2,0.007911182059380439,dimensionless
8,6,3,0.021433738004635754,dimensionless
8,6,4,0.01046819828516922,dimensionless
8,6,5,0.12263443909717311,dimensionless
8,6,6,1.0364074696412662,dimensionless
8,6,7,0.053117628685861965,dimensionless
8,6,8,0.0559682278107595,dimensionless
8,6,9,-0.061430636609812794,dimensionless
8,7,1,0.019506506700949396,dimensionless
8,7,2,0.006824282399577728,dimensionless
8,7,3,0.0027431421106240824,dimensionless
8,7,4,-0.05830105220847885,dimensionless
8,7,5,-0.015704488086454495,dimensionless
8,7,6,0.008050577905845967,dimensionless
8,7,7,0.9330772033121597,dimensionless
8,7,8,0.06323650082300034,dimensionless
8,7,9,-0.06790884746342984,dimensionless
8,8,1,0.0015380945741482461,dimensionless
8,8,2,-0.002100249588186751,dimensionless
8,8,3,-0.0028135431780876093,dimensionless
8,8,4,0.0003504410706467759,dimensionless
8,8,5,0.007118420658623123,dimensionless
8,8,6,-0.002485173824139154,dimensionless
8,8,7,0.0015916667237973407,dimensionless
8,8,8,1.0280259822158904,dimensionless
8,8,9,-0.0029134274053372686,dimensionless
8,9,1,0.012574188528039532,dimensionless
8,9,2,0.016520638305474795,dimensionless
8,9,3,0.0003293782715823039,dimensionless
8,9,4,-0.0064440301836110065,dimensionless
8,9,5,0.001402731799335919,dimensionless
8,9,6,-0.011308666021292315,dimensionless
8,9,7,0.004662495918085461,dimensionless
8,9,8,0.02298998904183485,dimensionless
8,9,9,1.0186010830118504,dimensionless
